[
    {
        "usuario": "alvaro.quiceno",
        "semanas": 31
    },
    {
        "usuario": "andrea.jimenez",
        "semanas": 31
    },
    {
        "usuario": "andres.valencia",
        "semanas": 31
    },
    {
        "usuario": "carlos.barrera",
        "semanas": 31
    },
    {
        "usuario": "carlos.lopez",
        "semanas": 31
    },
    {
        "usuario": "carlos.restrepo",
        "semanas": 31
    },
    {
        "usuario": "carolina.rivas",
        "semanas": 31
    },
    {
        "usuario": "claudia.mesa",
        "semanas": 31
    },
    {
        "usuario": "daniel.rodriguez",
        "semanas": 31
    },
    {
        "usuario": "david.hernandez",
        "semanas": 31
    },
    {
        "usuario": "david.marin",
        "semanas": 4
    },
    {
        "usuario": "diego.quinteroa",
        "semanas": 22
    },
    {
        "usuario": "edward.pineda",
        "semanas": 31
    },
    {
        "usuario": "eliana.aguilar",
        "semanas": 24
    },
    {
        "usuario": "elkin.castillo",
        "semanas": 9
    },
    {
        "usuario": "emna.henao",
        "semanas": 31
    },
    {
        "usuario": "fausto.ospina",
        "semanas": 4
    },
    {
        "usuario": "francisco.guerra",
        "semanas": 31
    },
    {
        "usuario": "gabriel.munoz",
        "semanas": 31
    },
    {
        "usuario": "johan.alvarez",
        "semanas": 31
    },
    {
        "usuario": "john.rodriguez",
        "semanas": 31
    },
    {
        "usuario": "john.suaza",
        "semanas": 8
    },
    {
        "usuario": "jorge.bedoya",
        "semanas": 31
    },
    {
        "usuario": "jorge.franco",
        "semanas": 31
    },
    {
        "usuario": "jorsenvey.perez",
        "semanas": 26
    },
    {
        "usuario": "juan.garcia",
        "semanas": 31
    },
    {
        "usuario": "juan.lopez",
        "semanas": 31
    },
    {
        "usuario": "julian.quiroga",
        "semanas": 13
    },
    {
        "usuario": "julian.sanchez",
        "semanas": 7
    },
    {
        "usuario": "laura.restrepo",
        "semanas": 31
    },
    {
        "usuario": "leonardo.cadavid",
        "semanas": 31
    },
    {
        "usuario": "liliana.guarin",
        "semanas": 31
    },
    {
        "usuario": "luisa.mejia",
        "semanas": 31
    },
    {
        "usuario": "luz.gutierrez",
        "semanas": 31
    },
    {
        "usuario": "natalia.restrepo",
        "semanas": 31
    },
    {
        "usuario": "richard.ospina",
        "semanas": 6
    },
    {
        "usuario": "sebastian.alarcon",
        "semanas": 24
    },
    {
        "usuario": "sebastian.ortiz",
        "semanas": 30
    },
    {
        "usuario": "tulio.villa",
        "semanas": 31
    },
    {
        "usuario": "victor.pedraza",
        "semanas": 11
    },
    {
        "usuario": "yannick.munoz",
        "semanas": 31
    }
]